date,track,race,program,horse,p_model,p_final,market_dec,market_pct,pressure,meltdown,field_size,mtp
2025-09-20,Gulfstream Park,1,1,D'argento Bolt,0.125000,0.125000,,,0.000,0.000,8,565.0
2025-09-20,Gulfstream Park,1,2,Lilys Back,0.125000,0.125000,,,0.000,0.000,8,565.0
2025-09-20,Gulfstream Park,1,3,Giddy Up Baby,0.125000,0.125000,,,0.000,0.000,8,565.0
2025-09-20,Gulfstream Park,1,4,Grexi's A,0.125000,0.125000,,,0.000,0.000,8,565.0
2025-09-20,Gulfstream Park,1,5,Joyful Eliza (GB),0.125000,0.125000,,,0.000,0.000,8,565.0
2025-09-20,Gulfstream Park,1,6,Valley of Dawn,0.125000,0.125000,,,0.000,0.000,8,565.0
2025-09-20,Gulfstream Park,1,7,Muscle Maiden,0.125000,0.125000,,,0.000,0.000,8,565.0
2025-09-20,Gulfstream Park,1,8,Lucky Flay,0.125000,0.125000,,,0.000,0.000,8,565.0
2025-09-20,Gulfstream Park,2,1,Excuses,0.100000,0.100000,,,0.000,0.000,10,595.0
2025-09-20,Gulfstream Park,2,2,Sweet Lazarus,0.100000,0.100000,,,0.000,0.000,10,595.0
2025-09-20,Gulfstream Park,2,3,Worth the Wait,0.100000,0.100000,,,0.000,0.000,10,595.0
2025-09-20,Gulfstream Park,2,4,Fight Club,0.100000,0.100000,,,0.000,0.000,10,595.0
2025-09-20,Gulfstream Park,2,5,Cryptonym,0.100000,0.100000,,,0.000,0.000,10,595.0
2025-09-20,Gulfstream Park,2,6,Bonfiglio,0.100000,0.100000,,,0.000,0.000,10,595.0
2025-09-20,Gulfstream Park,2,7,Leroy Brown,0.100000,0.100000,,,0.000,0.000,10,595.0
2025-09-20,Gulfstream Park,2,8,Zen Air,0.100000,0.100000,,,0.000,0.000,10,595.0
2025-09-20,Gulfstream Park,2,9,Show Boat,0.100000,0.100000,,,0.000,0.000,10,595.0
2025-09-20,Gulfstream Park,2,10,UFO (PER),0.100000,0.100000,,,0.000,0.000,10,595.0
2025-09-20,Gulfstream Park,3,1,After Party,0.166667,0.166667,,,0.000,0.000,6,627.0
2025-09-20,Gulfstream Park,3,2,Strategic Reserve,0.166667,0.166667,,,0.000,0.000,6,627.0
2025-09-20,Gulfstream Park,3,3,Wayne's Law,0.166667,0.166667,,,0.000,0.000,6,627.0
2025-09-20,Gulfstream Park,3,4,Metodo,0.166667,0.166667,,,0.000,0.000,6,627.0
2025-09-20,Gulfstream Park,3,5,Rammaas,0.166667,0.166667,,,0.000,0.000,6,627.0
2025-09-20,Gulfstream Park,3,6,Road Forever,0.166667,0.166667,,,0.000,0.000,6,627.0
2025-09-20,Gulfstream Park,4,1,Lee Ann's Warrior,0.111111,0.111111,,,0.000,0.000,9,658.0
2025-09-20,Gulfstream Park,4,2,Rolling On,0.111111,0.111111,,,0.000,0.000,9,658.0
2025-09-20,Gulfstream Park,4,3,Golden Skull,0.111111,0.111111,,,0.000,0.000,9,658.0
2025-09-20,Gulfstream Park,4,4,Ensign Parker,0.111111,0.111111,,,0.000,0.000,9,658.0
2025-09-20,Gulfstream Park,4,5,Persistent Danger,0.111111,0.111111,,,0.000,0.000,9,658.0
2025-09-20,Gulfstream Park,4,6,Cross Haste,0.111111,0.111111,,,0.000,0.000,9,658.0
2025-09-20,Gulfstream Park,4,7,Zozan,0.111111,0.111111,,,0.000,0.000,9,658.0
2025-09-20,Gulfstream Park,4,8,Amor Lejano (ARG),0.111111,0.111111,,,0.000,0.000,9,658.0
2025-09-20,Gulfstream Park,4,9,Mayheminthepalace,0.111111,0.111111,,,0.000,0.000,9,658.0
2025-09-20,Gulfstream Park,5,1,Defended,0.125000,0.125000,,,0.000,0.000,8,689.0
2025-09-20,Gulfstream Park,5,2,U Lite Up My Life,0.125000,0.125000,,,0.000,0.000,8,689.0
2025-09-20,Gulfstream Park,5,3,Gridlock,0.125000,0.125000,,,0.000,0.000,8,689.0
2025-09-20,Gulfstream Park,5,4,Secret Revenge,0.125000,0.125000,,,0.000,0.000,8,689.0
2025-09-20,Gulfstream Park,5,5,Sunset Harbour,0.125000,0.125000,,,0.000,0.000,8,689.0
2025-09-20,Gulfstream Park,5,6,Reliable Lady,0.125000,0.125000,,,0.000,0.000,8,689.0
2025-09-20,Gulfstream Park,5,7,St. Olaf Rose,0.125000,0.125000,,,0.000,0.000,8,689.0
2025-09-20,Gulfstream Park,5,8,R Morning Brew,0.125000,0.125000,,,0.000,0.000,8,689.0
2025-09-20,Gulfstream Park,6,1,Fiveeyesonskystars,0.142857,0.142857,,,0.000,0.000,7,721.0
2025-09-20,Gulfstream Park,6,2,Pure Class,0.142857,0.142857,,,0.000,0.000,7,721.0
2025-09-20,Gulfstream Park,6,3,Lure Him In,0.142857,0.142857,,,0.000,0.000,7,721.0
2025-09-20,Gulfstream Park,6,4,Steppe,0.142857,0.142857,,,0.000,0.000,7,721.0
2025-09-20,Gulfstream Park,6,5,Big Data,0.142857,0.142857,,,0.000,0.000,7,721.0
2025-09-20,Gulfstream Park,6,6,Awesome Train,0.142857,0.142857,,,0.000,0.000,7,721.0
2025-09-20,Gulfstream Park,6,7,Roar of the Beast,0.142857,0.142857,,,0.000,0.000,7,721.0
2025-09-20,Gulfstream Park,7,1,I Love Venezuela,0.083333,0.083333,,,0.000,0.000,12,753.0
2025-09-20,Gulfstream Park,7,2,Always Adriana,0.083333,0.083333,,,0.000,0.000,12,753.0
2025-09-20,Gulfstream Park,7,3,Strand of Gold,0.083333,0.083333,,,0.000,0.000,12,753.0
2025-09-20,Gulfstream Park,7,4,She Fled the Scene,0.083333,0.083333,,,0.000,0.000,12,753.0
2025-09-20,Gulfstream Park,7,5,Khosea,0.083333,0.083333,,,0.000,0.000,12,753.0
2025-09-20,Gulfstream Park,7,6,Diamonds for Lily,0.083333,0.083333,,,0.000,0.000,12,753.0
2025-09-20,Gulfstream Park,7,7,Bet Stormy,0.083333,0.083333,,,0.000,0.000,12,753.0
2025-09-20,Gulfstream Park,7,8,Worldly Beauty,0.083333,0.083333,,,0.000,0.000,12,753.0
2025-09-20,Gulfstream Park,7,9,Sunroof,0.083333,0.083333,,,0.000,0.000,12,753.0
2025-09-20,Gulfstream Park,7,10,Mi Amore,0.083333,0.083333,,,0.000,0.000,12,753.0
2025-09-20,Gulfstream Park,7,11,Compass Rises,0.083333,0.083333,,,0.000,0.000,12,753.0
2025-09-20,Gulfstream Park,7,12,Sals Dream Girl,0.083333,0.083333,,,0.000,0.000,12,753.0
2025-09-20,Gulfstream Park,8,1,Cruzin Man,0.111111,0.111111,,,0.000,0.000,9,785.0
2025-09-20,Gulfstream Park,8,2,El Apagon (CHI),0.111111,0.111111,,,0.000,0.000,9,785.0
2025-09-20,Gulfstream Park,8,3,Biz Biz Buzz,0.111111,0.111111,,,0.000,0.000,9,785.0
2025-09-20,Gulfstream Park,8,4,Xy Speed,0.111111,0.111111,,,0.000,0.000,9,785.0
2025-09-20,Gulfstream Park,8,5,Eamonn,0.111111,0.111111,,,0.000,0.000,9,785.0
2025-09-20,Gulfstream Park,8,6,Winfromwithin,0.111111,0.111111,,,0.000,0.000,9,785.0
2025-09-20,Gulfstream Park,8,7,Louie the Sun King,0.111111,0.111111,,,0.000,0.000,9,785.0
2025-09-20,Gulfstream Park,8,8,Abrir Caminos (CHI),0.111111,0.111111,,,0.000,0.000,9,785.0
2025-09-20,Gulfstream Park,8,9,Asher's Edge,0.111111,0.111111,,,0.000,0.000,9,785.0
2025-09-20,Gulfstream Park,9,1,Boundfortrouble,0.111111,0.111111,,,0.000,0.000,9,820.0
2025-09-20,Gulfstream Park,9,2,Maitre D,0.111111,0.111111,,,0.000,0.000,9,820.0
2025-09-20,Gulfstream Park,9,3,Beach Colt (CHI),0.111111,0.111111,,,0.000,0.000,9,820.0
2025-09-20,Gulfstream Park,9,4,Latch the Hatch,0.111111,0.111111,,,0.000,0.000,9,820.0
2025-09-20,Gulfstream Park,9,5,Three Zero,0.111111,0.111111,,,0.000,0.000,9,820.0
2025-09-20,Gulfstream Park,9,6,Takecareofbusiness,0.111111,0.111111,,,0.000,0.000,9,820.0
2025-09-20,Gulfstream Park,9,7,Street Rod,0.111111,0.111111,,,0.000,0.000,9,820.0
2025-09-20,Gulfstream Park,9,8,Lord Berrier,0.111111,0.111111,,,0.000,0.000,9,820.0
2025-09-20,Gulfstream Park,9,9,Banneker,0.111111,0.111111,,,0.000,0.000,9,820.0
2025-09-20,Gulfstream Park,10,1,Vincey Girl,0.125000,0.125000,,,0.000,0.000,8,851.0
2025-09-20,Gulfstream Park,10,2,Haulin Ice,0.125000,0.125000,,,0.000,0.000,8,851.0
2025-09-20,Gulfstream Park,10,3,Ultimate Authority,0.125000,0.125000,,,0.000,0.000,8,851.0
2025-09-20,Gulfstream Park,10,4,Nerazurri,0.125000,0.125000,,,0.000,0.000,8,851.0
2025-09-20,Gulfstream Park,10,5,Reputation,0.125000,0.125000,,,0.000,0.000,8,851.0
2025-09-20,Gulfstream Park,10,6,Mystic Lake,0.125000,0.125000,,,0.000,0.000,8,851.0
2025-09-20,Gulfstream Park,10,7,Gallop d'Hermes,0.125000,0.125000,,,0.000,0.000,8,851.0
2025-09-20,Gulfstream Park,10,8,Claret Beret,0.125000,0.125000,,,0.000,0.000,8,851.0
2025-09-20,Gulfstream Park,11,1,Burnaway,0.100000,0.100000,,,0.000,0.000,10,883.0
2025-09-20,Gulfstream Park,11,2,Crafty Collector,0.100000,0.100000,,,0.000,0.000,10,883.0
2025-09-20,Gulfstream Park,11,3,Lets Go Koko,0.100000,0.100000,,,0.000,0.000,10,883.0
2025-09-20,Gulfstream Park,11,4,Charlie's Wish,0.100000,0.100000,,,0.000,0.000,10,883.0
2025-09-20,Gulfstream Park,11,5,Lady Cha Cha,0.100000,0.100000,,,0.000,0.000,10,883.0
2025-09-20,Gulfstream Park,11,6,Oshala,0.100000,0.100000,,,0.000,0.000,10,883.0
2025-09-20,Gulfstream Park,11,7,Starship Agenda,0.100000,0.100000,,,0.000,0.000,10,883.0
2025-09-20,Gulfstream Park,11,8,Show Off,0.100000,0.100000,,,0.000,0.000,10,883.0
2025-09-20,Gulfstream Park,11,9,Leo Toro,0.100000,0.100000,,,0.000,0.000,10,883.0
2025-09-20,Gulfstream Park,11,10,Starship Impulsive,0.100000,0.100000,,,0.000,0.000,10,883.0
2025-09-20,Laurel Park,1,1,Risk and Regret,0.125000,0.125000,,,0.000,0.000,8,524.0
2025-09-20,Laurel Park,1,2,Dark Pool,0.125000,0.125000,,,0.000,0.000,8,524.0
2025-09-20,Laurel Park,1,3,Arise My Love,0.125000,0.125000,,,0.000,0.000,8,524.0
2025-09-20,Laurel Park,1,4,Sleepwalker,0.125000,0.125000,,,0.000,0.000,8,524.0
2025-09-20,Laurel Park,1,5,Power and Glory,0.125000,0.125000,,,0.000,0.000,8,524.0
2025-09-20,Laurel Park,1,6,I'm a Sure Thing,0.125000,0.125000,,,0.000,0.000,8,524.0
2025-09-20,Laurel Park,1,7,Pegster,0.125000,0.125000,,,0.000,0.000,8,524.0
2025-09-20,Laurel Park,1,8,My Dear Antonia,0.125000,0.125000,,,0.000,0.000,8,524.0
2025-09-20,Laurel Park,2,1,Lucky Lis,0.125000,0.125000,,,0.000,0.000,8,556.0
2025-09-20,Laurel Park,2,2,Judy G,0.125000,0.125000,,,0.000,0.000,8,556.0
2025-09-20,Laurel Park,2,3,Noble Status,0.125000,0.125000,,,0.000,0.000,8,556.0
2025-09-20,Laurel Park,2,4,Fiesta La Luna,0.125000,0.125000,,,0.000,0.000,8,556.0
2025-09-20,Laurel Park,2,5,I'm a Lil Wicked,0.125000,0.125000,,,0.000,0.000,8,556.0
2025-09-20,Laurel Park,2,6,Curlene's Spirit,0.125000,0.125000,,,0.000,0.000,8,556.0
2025-09-20,Laurel Park,2,7,Spirit of Zion,0.125000,0.125000,,,0.000,0.000,8,556.0
2025-09-20,Laurel Park,2,8,Princess Charming,0.125000,0.125000,,,0.000,0.000,8,556.0
2025-09-20,Laurel Park,3,1,Super Chunk,0.100000,0.100000,,,0.000,0.000,10,588.0
2025-09-20,Laurel Park,3,2,The Hero Code,0.100000,0.100000,,,0.000,0.000,10,588.0
2025-09-20,Laurel Park,3,3,Musical Entourage,0.100000,0.100000,,,0.000,0.000,10,588.0
2025-09-20,Laurel Park,3,4,Pietrelcina,0.100000,0.100000,,,0.000,0.000,10,588.0
2025-09-20,Laurel Park,3,5,Tate's War Cry,0.100000,0.100000,,,0.000,0.000,10,588.0
2025-09-20,Laurel Park,3,6,Courageous Mission,0.100000,0.100000,,,0.000,0.000,10,588.0
2025-09-20,Laurel Park,3,7,Moonlit Frost,0.100000,0.100000,,,0.000,0.000,10,588.0
2025-09-20,Laurel Park,3,8,Deputy A. P.,0.100000,0.100000,,,0.000,0.000,10,588.0
2025-09-20,Laurel Park,3,9,Goodson Jameson,0.100000,0.100000,,,0.000,0.000,10,588.0
2025-09-20,Laurel Park,3,10,Homestead,0.100000,0.100000,,,0.000,0.000,10,588.0
2025-09-20,Laurel Park,4,1,Decorum,0.166667,0.166667,,,0.000,0.000,6,617.0
2025-09-20,Laurel Park,4,2,Suremeanttoobe,0.166667,0.166667,,,0.000,0.000,6,617.0
2025-09-20,Laurel Park,4,3,El Divino Nino,0.166667,0.166667,,,0.000,0.000,6,617.0
2025-09-20,Laurel Park,4,4,Wickeddivine,0.166667,0.166667,,,0.000,0.000,6,617.0
2025-09-20,Laurel Park,4,5,Bold Diversion,0.166667,0.166667,,,0.000,0.000,6,617.0
2025-09-20,Laurel Park,4,6,All the Hardways,0.166667,0.166667,,,0.000,0.000,6,617.0
2025-09-20,Laurel Park,5,1,Hay Chief,0.090909,0.090909,,,0.000,0.000,11,645.0
2025-09-20,Laurel Park,5,2,American Unity,0.090909,0.090909,,,0.000,0.000,11,645.0
2025-09-20,Laurel Park,5,3,Class Photo,0.090909,0.090909,,,0.000,0.000,11,645.0
2025-09-20,Laurel Park,5,4,Coronova,0.090909,0.090909,,,0.000,0.000,11,645.0
2025-09-20,Laurel Park,5,5,Tom Hagen,0.090909,0.090909,,,0.000,0.000,11,645.0
2025-09-20,Laurel Park,5,6,Mailman Money,0.090909,0.090909,,,0.000,0.000,11,645.0
2025-09-20,Laurel Park,5,7,Covert Kat,0.090909,0.090909,,,0.000,0.000,11,645.0
2025-09-20,Laurel Park,5,8,Gold Foot,0.090909,0.090909,,,0.000,0.000,11,645.0
2025-09-20,Laurel Park,5,9,Bring Me a Check,0.090909,0.090909,,,0.000,0.000,11,645.0
2025-09-20,Laurel Park,5,10,Kbcya Later,0.090909,0.090909,,,0.000,0.000,11,645.0
2025-09-20,Laurel Park,5,11,Likebelivingnmagic,0.090909,0.090909,,,0.000,0.000,11,645.0
2025-09-20,Laurel Park,6,1,Chilly Girl,0.111111,0.111111,,,0.000,0.000,9,675.0
2025-09-20,Laurel Park,6,2,Over My Cents,0.111111,0.111111,,,0.000,0.000,9,675.0
2025-09-20,Laurel Park,6,3,Fashion Victim,0.111111,0.111111,,,0.000,0.000,9,675.0
2025-09-20,Laurel Park,6,4,Love You More,0.111111,0.111111,,,0.000,0.000,9,675.0
2025-09-20,Laurel Park,6,5,Cross of Valor,0.111111,0.111111,,,0.000,0.000,9,675.0
2025-09-20,Laurel Park,6,6,Bella Italia,0.111111,0.111111,,,0.000,0.000,9,675.0
2025-09-20,Laurel Park,6,7,Persian,0.111111,0.111111,,,0.000,0.000,9,675.0
2025-09-20,Laurel Park,6,8,Destination,0.111111,0.111111,,,0.000,0.000,9,675.0
2025-09-20,Laurel Park,6,9,Shout to the Lord,0.111111,0.111111,,,0.000,0.000,9,675.0
2025-09-20,Laurel Park,7,1,Vax a Nation,0.111111,0.111111,,,0.000,0.000,9,707.0
2025-09-20,Laurel Park,7,2,Coiled,0.111111,0.111111,,,0.000,0.000,9,707.0
2025-09-20,Laurel Park,7,3,Zevon,0.111111,0.111111,,,0.000,0.000,9,707.0
2025-09-20,Laurel Park,7,4,Owhatanite,0.111111,0.111111,,,0.000,0.000,9,707.0
2025-09-20,Laurel Park,7,5,Jhirsch,0.111111,0.111111,,,0.000,0.000,9,707.0
2025-09-20,Laurel Park,7,6,Whiskeyinthejaro,0.111111,0.111111,,,0.000,0.000,9,707.0
2025-09-20,Laurel Park,7,7,Lazlo,0.111111,0.111111,,,0.000,0.000,9,707.0
2025-09-20,Laurel Park,7,8,The Jackal,0.111111,0.111111,,,0.000,0.000,9,707.0
2025-09-20,Laurel Park,7,9,Meg,0.111111,0.111111,,,0.000,0.000,9,707.0
2025-09-20,Laurel Park,8,1,Safe Trust,0.125000,0.125000,,,0.000,0.000,8,739.0
2025-09-20,Laurel Park,8,2,Maida,0.125000,0.125000,,,0.000,0.000,8,739.0
2025-09-20,Laurel Park,8,3,G W's Girl,0.125000,0.125000,,,0.000,0.000,8,739.0
2025-09-20,Laurel Park,8,4,Conquerthosewecan,0.125000,0.125000,,,0.000,0.000,8,739.0
2025-09-20,Laurel Park,8,5,Burner Account,0.125000,0.125000,,,0.000,0.000,8,739.0
2025-09-20,Laurel Park,8,6,Volleyballprincess,0.125000,0.125000,,,0.000,0.000,8,739.0
2025-09-20,Laurel Park,8,7,Endorse,0.125000,0.125000,,,0.000,0.000,8,739.0
2025-09-20,Laurel Park,8,8,Social Fortress,0.125000,0.125000,,,0.000,0.000,8,739.0
2025-09-20,Laurel Park,9,1,Lunar Lightning,0.142857,0.142857,,,0.000,0.000,7,771.0
2025-09-20,Laurel Park,9,2,Monterrey,0.142857,0.142857,,,0.000,0.000,7,771.0
2025-09-20,Laurel Park,9,3,Juris Doctor,0.142857,0.142857,,,0.000,0.000,7,771.0
2025-09-20,Laurel Park,9,4,Richard Feynman,0.142857,0.142857,,,0.000,0.000,7,771.0
2025-09-20,Laurel Park,9,5,Sever,0.142857,0.142857,,,0.000,0.000,7,771.0
2025-09-20,Laurel Park,9,6,McRavin,0.142857,0.142857,,,0.000,0.000,7,771.0
2025-09-20,Laurel Park,9,7,Se Thar Barr,0.142857,0.142857,,,0.000,0.000,7,771.0
2025-09-20,Parx Racing,1,1,Alastar,0.083333,0.083333,,,0.000,0.000,12,459.0
2025-09-20,Parx Racing,1,2,Petey Motto,0.083333,0.083333,,,0.000,0.000,12,459.0
2025-09-20,Parx Racing,1,3,Mavis's Prince,0.083333,0.083333,,,0.000,0.000,12,459.0
2025-09-20,Parx Racing,1,4,Star Sweeper,0.083333,0.083333,,,0.000,0.000,12,459.0
2025-09-20,Parx Racing,1,5,Mailata,0.083333,0.083333,,,0.000,0.000,12,459.0
2025-09-20,Parx Racing,1,6,Filled With Desire,0.083333,0.083333,,,0.000,0.000,12,459.0
2025-09-20,Parx Racing,1,7,Vino Gray,0.083333,0.083333,,,0.000,0.000,12,459.0
2025-09-20,Parx Racing,1,8,Nomowineforyou,0.083333,0.083333,,,0.000,0.000,12,459.0
2025-09-20,Parx Racing,1,9,Quick to Judge,0.083333,0.083333,,,0.000,0.000,12,459.0
2025-09-20,Parx Racing,1,10,Handsome Linc,0.083333,0.083333,,,0.000,0.000,12,459.0
2025-09-20,Parx Racing,1,11,Joy Boy,0.083333,0.083333,,,0.000,0.000,12,459.0
2025-09-20,Parx Racing,1,12,Concarneau,0.083333,0.083333,,,0.000,0.000,12,459.0
2025-09-20,Parx Racing,2,1,Wildncrazynight,0.100000,0.100000,,,0.000,0.000,10,489.0
2025-09-20,Parx Racing,2,2,Sunday Spirit,0.100000,0.100000,,,0.000,0.000,10,489.0
2025-09-20,Parx Racing,2,3,Phantom Speed,0.100000,0.100000,,,0.000,0.000,10,489.0
2025-09-20,Parx Racing,2,4,Respirator,0.100000,0.100000,,,0.000,0.000,10,489.0
2025-09-20,Parx Racing,2,5,Mission First,0.100000,0.100000,,,0.000,0.000,10,489.0
2025-09-20,Parx Racing,2,6,Vinsanity,0.100000,0.100000,,,0.000,0.000,10,489.0
2025-09-20,Parx Racing,2,7,Huggy,0.100000,0.100000,,,0.000,0.000,10,489.0
2025-09-20,Parx Racing,2,8,Tatum,0.100000,0.100000,,,0.000,0.000,10,489.0
2025-09-20,Parx Racing,2,9,Spit the Bit,0.100000,0.100000,,,0.000,0.000,10,489.0
2025-09-20,Parx Racing,2,10,Tunisian Spring,0.100000,0.100000,,,0.000,0.000,10,489.0
2025-09-20,Parx Racing,3,1,Social Storm,0.125000,0.125000,,,0.000,0.000,8,519.0
2025-09-20,Parx Racing,3,2,Union Doos,0.125000,0.125000,,,0.000,0.000,8,519.0
2025-09-20,Parx Racing,3,3,Alyvia's Lil Girl,0.125000,0.125000,,,0.000,0.000,8,519.0
2025-09-20,Parx Racing,3,4,Celebrity Quest,0.125000,0.125000,,,0.000,0.000,8,519.0
2025-09-20,Parx Racing,3,5,Honor Roll,0.125000,0.125000,,,0.000,0.000,8,519.0
2025-09-20,Parx Racing,3,6,Ourdaydreamingmiss,0.125000,0.125000,,,0.000,0.000,8,519.0
2025-09-20,Parx Racing,3,7,Savor It,0.125000,0.125000,,,0.000,0.000,8,519.0
2025-09-20,Parx Racing,3,8,Halo Hottie,0.125000,0.125000,,,0.000,0.000,8,519.0
2025-09-20,Parx Racing,4,1,Concrete Faze,0.100000,0.100000,,,0.000,0.000,10,547.0
2025-09-20,Parx Racing,4,2,Gold Strategy,0.100000,0.100000,,,0.000,0.000,10,547.0
2025-09-20,Parx Racing,4,3,Dancing On My Own,0.100000,0.100000,,,0.000,0.000,10,547.0
2025-09-20,Parx Racing,4,4,Lovely Charm,0.100000,0.100000,,,0.000,0.000,10,547.0
2025-09-20,Parx Racing,4,5,Field of Blossoms,0.100000,0.100000,,,0.000,0.000,10,547.0
2025-09-20,Parx Racing,4,6,Mavilus,0.100000,0.100000,,,0.000,0.000,10,547.0
2025-09-20,Parx Racing,4,7,Dixie Groove,0.100000,0.100000,,,0.000,0.000,10,547.0
2025-09-20,Parx Racing,4,8,Divine Grace,0.100000,0.100000,,,0.000,0.000,10,547.0
2025-09-20,Parx Racing,4,9,Mollewantacracker,0.100000,0.100000,,,0.000,0.000,10,547.0
2025-09-20,Parx Racing,4,10,Pachelbel,0.100000,0.100000,,,0.000,0.000,10,547.0
2025-09-20,Parx Racing,5,1,In Spades,0.076923,0.076923,,,0.000,0.000,13,575.0
2025-09-20,Parx Racing,5,2,Smart Striker,0.076923,0.076923,,,0.000,0.000,13,575.0
2025-09-20,Parx Racing,5,3,Yes Sir Colonel,0.076923,0.076923,,,0.000,0.000,13,575.0
2025-09-20,Parx Racing,5,4,Ryan's Fleet,0.076923,0.076923,,,0.000,0.000,13,575.0
2025-09-20,Parx Racing,5,5,Expensive Cut,0.076923,0.076923,,,0.000,0.000,13,575.0
2025-09-20,Parx Racing,5,6,Wicked Melody,0.076923,0.076923,,,0.000,0.000,13,575.0
2025-09-20,Parx Racing,5,7,Traffic Master,0.076923,0.076923,,,0.000,0.000,13,575.0
2025-09-20,Parx Racing,5,8,Speightster Red,0.076923,0.076923,,,0.000,0.000,13,575.0
2025-09-20,Parx Racing,5,9,I Feelucky Tonite,0.076923,0.076923,,,0.000,0.000,13,575.0
2025-09-20,Parx Racing,5,10,My Noble Knight,0.076923,0.076923,,,0.000,0.000,13,575.0
2025-09-20,Parx Racing,5,11,Call Me Fast,0.076923,0.076923,,,0.000,0.000,13,575.0
2025-09-20,Parx Racing,5,12,Jaa Mode,0.076923,0.076923,,,0.000,0.000,13,575.0
2025-09-20,Parx Racing,5,13,Mose Perfect,0.076923,0.076923,,,0.000,0.000,13,575.0
2025-09-20,Parx Racing,6,1,Ducale,0.111111,0.111111,,,0.000,0.000,9,605.0
2025-09-20,Parx Racing,6,2,Greener Pastures,0.111111,0.111111,,,0.000,0.000,9,605.0
2025-09-20,Parx Racing,6,3,Ceepeegee,0.111111,0.111111,,,0.000,0.000,9,605.0
2025-09-20,Parx Racing,6,4,Spotted Bull,0.111111,0.111111,,,0.000,0.000,9,605.0
2025-09-20,Parx Racing,6,5,No Easy Days,0.111111,0.111111,,,0.000,0.000,9,605.0
2025-09-20,Parx Racing,6,6,Normandy Hero,0.111111,0.111111,,,0.000,0.000,9,605.0
2025-09-20,Parx Racing,6,7,Tap in Formation,0.111111,0.111111,,,0.000,0.000,9,605.0
2025-09-20,Parx Racing,6,8,Hoylake,0.111111,0.111111,,,0.000,0.000,9,605.0
2025-09-20,Parx Racing,6,9,Frost Mountain,0.111111,0.111111,,,0.000,0.000,9,605.0
2025-09-20,Parx Racing,7,1,Talkin in Cursive,0.100000,0.100000,,,0.000,0.000,10,635.0
2025-09-20,Parx Racing,7,2,Winkiwinki,0.100000,0.100000,,,0.000,0.000,10,635.0
2025-09-20,Parx Racing,7,3,Dewey Doit,0.100000,0.100000,,,0.000,0.000,10,635.0
2025-09-20,Parx Racing,7,4,Mazoku,0.100000,0.100000,,,0.000,0.000,10,635.0
2025-09-20,Parx Racing,7,5,Pearls and Heels,0.100000,0.100000,,,0.000,0.000,10,635.0
2025-09-20,Parx Racing,7,6,Awesome Pic,0.100000,0.100000,,,0.000,0.000,10,635.0
2025-09-20,Parx Racing,7,7,Edge of Town,0.100000,0.100000,,,0.000,0.000,10,635.0
2025-09-20,Parx Racing,7,8,Sweet Laura,0.100000,0.100000,,,0.000,0.000,10,635.0
2025-09-20,Parx Racing,7,9,Centre Court Champ,0.100000,0.100000,,,0.000,0.000,10,635.0
2025-09-20,Parx Racing,7,10,Ambitiously Placed,0.100000,0.100000,,,0.000,0.000,10,635.0
2025-09-20,Parx Racing,8,1,Et's Moon Maiden,0.111111,0.111111,,,0.000,0.000,9,665.0
2025-09-20,Parx Racing,8,2,Missy Sixtysix,0.111111,0.111111,,,0.000,0.000,9,665.0
2025-09-20,Parx Racing,8,3,Snappy Ride,0.111111,0.111111,,,0.000,0.000,9,665.0
2025-09-20,Parx Racing,8,4,Big Air,0.111111,0.111111,,,0.000,0.000,9,665.0
2025-09-20,Parx Racing,8,5,Voodoo You Do,0.111111,0.111111,,,0.000,0.000,9,665.0
2025-09-20,Parx Racing,8,6,Taliesin,0.111111,0.111111,,,0.000,0.000,9,665.0
2025-09-20,Parx Racing,8,7,Polecat,0.111111,0.111111,,,0.000,0.000,9,665.0
2025-09-20,Parx Racing,8,8,Baby Sassicaia,0.111111,0.111111,,,0.000,0.000,9,665.0
2025-09-20,Parx Racing,8,9,Frosted Lace,0.111111,0.111111,,,0.000,0.000,9,665.0
2025-09-20,Parx Racing,9,1,Digital Ops,0.142857,0.142857,,,0.000,0.000,7,695.0
2025-09-20,Parx Racing,9,2,Double Your Money,0.142857,0.142857,,,0.000,0.000,7,695.0
2025-09-20,Parx Racing,9,3,Praetorian Guard,0.142857,0.142857,,,0.000,0.000,7,695.0
2025-09-20,Parx Racing,9,4,No Bien Ni Mal (BRZ),0.142857,0.142857,,,0.000,0.000,7,695.0
2025-09-20,Parx Racing,9,5,Calibrate,0.142857,0.142857,,,0.000,0.000,7,695.0
2025-09-20,Parx Racing,9,6,Repo Rocks,0.142857,0.142857,,,0.000,0.000,7,695.0
2025-09-20,Parx Racing,9,7,My Imagination,0.142857,0.142857,,,0.000,0.000,7,695.0
2025-09-20,Parx Racing,10,1,All Class,0.090909,0.090909,,,0.000,0.000,11,726.0
2025-09-20,Parx Racing,10,2,Alani,0.090909,0.090909,,,0.000,0.000,11,726.0
2025-09-20,Parx Racing,10,3,Bella Queen,0.090909,0.090909,,,0.000,0.000,11,726.0
2025-09-20,Parx Racing,10,4,Nature's Candy,0.090909,0.090909,,,0.000,0.000,11,726.0
2025-09-20,Parx Racing,10,5,Beach Daze,0.090909,0.090909,,,0.000,0.000,11,726.0
2025-09-20,Parx Racing,10,6,Volleyballprincess,0.090909,0.090909,,,0.000,0.000,11,726.0
2025-09-20,Parx Racing,10,7,Carmelina,0.090909,0.090909,,,0.000,0.000,11,726.0
2025-09-20,Parx Racing,10,8,Mystic Lake,0.090909,0.090909,,,0.000,0.000,11,726.0
2025-09-20,Parx Racing,10,9,Factorbella,0.090909,0.090909,,,0.000,0.000,11,726.0
2025-09-20,Parx Racing,10,10,Jeanne Marie,0.090909,0.090909,,,0.000,0.000,11,726.0
2025-09-20,Parx Racing,10,11,Confirmed Star,0.090909,0.090909,,,0.000,0.000,11,726.0
2025-09-20,Parx Racing,11,1,Nelson Avenue,0.111111,0.111111,,,0.000,0.000,9,758.0
2025-09-20,Parx Racing,11,2,Deposition,0.111111,0.111111,,,0.000,0.000,9,758.0
2025-09-20,Parx Racing,11,3,Duke of Gloucester,0.111111,0.111111,,,0.000,0.000,9,758.0
2025-09-20,Parx Racing,11,4,Dilger (IRE),0.111111,0.111111,,,0.000,0.000,9,758.0
2025-09-20,Parx Racing,11,5,Catalytic,0.111111,0.111111,,,0.000,0.000,9,758.0
2025-09-20,Parx Racing,11,6,Concealed Carry,0.111111,0.111111,,,0.000,0.000,9,758.0
2025-09-20,Parx Racing,11,7,Far Mo Power,0.111111,0.111111,,,0.000,0.000,9,758.0
2025-09-20,Parx Racing,11,8,Coastal Mission,0.111111,0.111111,,,0.000,0.000,9,758.0
2025-09-20,Parx Racing,11,9,Silent Mode,0.111111,0.111111,,,0.000,0.000,9,758.0
2025-09-20,Parx Racing,12,1,Retribution,0.100000,0.100000,,,0.000,0.000,10,789.0
2025-09-20,Parx Racing,12,2,Gateskeeper,0.100000,0.100000,,,0.000,0.000,10,789.0
2025-09-20,Parx Racing,12,3,Wax Box,0.100000,0.100000,,,0.000,0.000,10,789.0
2025-09-20,Parx Racing,12,4,Alchemism,0.100000,0.100000,,,0.000,0.000,10,789.0
2025-09-20,Parx Racing,12,5,Barnes,0.100000,0.100000,,,0.000,0.000,10,789.0
2025-09-20,Parx Racing,12,6,Donut God,0.100000,0.100000,,,0.000,0.000,10,789.0
2025-09-20,Parx Racing,12,7,Mad House,0.100000,0.100000,,,0.000,0.000,10,789.0
2025-09-20,Parx Racing,12,8,Fire Pit,0.100000,0.100000,,,0.000,0.000,10,789.0
2025-09-20,Parx Racing,12,9,Friday Surprise,0.100000,0.100000,,,0.000,0.000,10,789.0
2025-09-20,Parx Racing,12,10,Neoequos,0.100000,0.100000,,,0.000,0.000,10,789.0
2025-09-20,Parx Racing,13,1,Scottish Lassie,0.125000,0.125000,,,0.000,0.000,8,829.0
2025-09-20,Parx Racing,13,2,La Cara,0.125000,0.125000,,,0.000,0.000,8,829.0
2025-09-20,Parx Racing,13,3,Clicquot,0.125000,0.125000,,,0.000,0.000,8,829.0
2025-09-20,Parx Racing,13,4,Indy Bay,0.125000,0.125000,,,0.000,0.000,8,829.0
2025-09-20,Parx Racing,13,5,Not Too Late,0.125000,0.125000,,,0.000,0.000,8,829.0
2025-09-20,Parx Racing,13,6,Ourdaydreaminggirl,0.125000,0.125000,,,0.000,0.000,8,829.0
2025-09-20,Parx Racing,13,7,Good Cheer,0.125000,0.125000,,,0.000,0.000,8,829.0
2025-09-20,Parx Racing,13,8,Dry Powder,0.125000,0.125000,,,0.000,0.000,8,829.0
2025-09-20,Parx Racing,14,1,So Sandy,0.100000,0.100000,,,0.000,0.000,10,874.0
2025-09-20,Parx Racing,14,2,Altobelli,0.100000,0.100000,,,0.000,0.000,10,874.0
2025-09-20,Parx Racing,14,3,Magnitude,0.100000,0.100000,,,0.000,0.000,10,874.0
2025-09-20,Parx Racing,14,4,David of Athens,0.100000,0.100000,,,0.000,0.000,10,874.0
2025-09-20,Parx Racing,14,5,Happily Delusional,0.100000,0.100000,,,0.000,0.000,10,874.0
2025-09-20,Parx Racing,14,6,Goal Oriented,0.100000,0.100000,,,0.000,0.000,10,874.0
2025-09-20,Parx Racing,14,7,Big Truzz,0.100000,0.100000,,,0.000,0.000,10,874.0
2025-09-20,Parx Racing,14,8,Baeza,0.100000,0.100000,,,0.000,0.000,10,874.0
2025-09-20,Parx Racing,14,9,Gosger,0.100000,0.100000,,,0.000,0.000,10,874.0
2025-09-20,Parx Racing,14,10,Mo Plex,0.100000,0.100000,,,0.000,0.000,10,874.0
2025-09-20,Parx Racing,15,1,Full Moon Madness,0.076923,0.076923,,,0.000,0.000,13,904.0
2025-09-20,Parx Racing,15,2,Dropline,0.076923,0.076923,,,0.000,0.000,13,904.0
2025-09-20,Parx Racing,15,3,Hold My Bourbon,0.076923,0.076923,,,0.000,0.000,13,904.0
2025-09-20,Parx Racing,15,4,Twenty Four Mamba,0.076923,0.076923,,,0.000,0.000,13,904.0
2025-09-20,Parx Racing,15,5,Maximus Meridius,0.076923,0.076923,,,0.000,0.000,13,904.0
2025-09-20,Parx Racing,15,6,Bump N Run,0.076923,0.076923,,,0.000,0.000,13,904.0
2025-09-20,Parx Racing,15,7,Bernie's Mitts,0.076923,0.076923,,,0.000,0.000,13,904.0
2025-09-20,Parx Racing,15,8,Caramel Chip,0.076923,0.076923,,,0.000,0.000,13,904.0
2025-09-20,Parx Racing,15,9,Buccherino,0.076923,0.076923,,,0.000,0.000,13,904.0
2025-09-20,Parx Racing,15,10,Going Up,0.076923,0.076923,,,0.000,0.000,13,904.0
2025-09-20,Parx Racing,15,11,Damon's Mound,0.076923,0.076923,,,0.000,0.000,13,904.0
2025-09-20,Parx Racing,15,12,Twisted Ride,0.076923,0.076923,,,0.000,0.000,13,904.0
2025-09-20,Parx Racing,15,13,My Buddy B,0.076923,0.076923,,,0.000,0.000,13,904.0
2025-09-20,Woodbine,1,1,Sans Dancer,0.166667,0.166667,,,0.000,0.000,6,579.0
2025-09-20,Woodbine,1,2,Daddy's Secret,0.166667,0.166667,,,0.000,0.000,6,579.0
2025-09-20,Woodbine,1,3,Hurricane Amelia,0.166667,0.166667,,,0.000,0.000,6,579.0
2025-09-20,Woodbine,1,4,Nakedintheforest,0.166667,0.166667,,,0.000,0.000,6,579.0
2025-09-20,Woodbine,1,5,Splash of Bourbon,0.166667,0.166667,,,0.000,0.000,6,579.0
2025-09-20,Woodbine,1,6,Beau Pink,0.166667,0.166667,,,0.000,0.000,6,579.0
2025-09-20,Woodbine,2,1,Brittany's Way,0.166667,0.166667,,,0.000,0.000,6,608.0
2025-09-20,Woodbine,2,2,Rarified (IRE),0.166667,0.166667,,,0.000,0.000,6,608.0
2025-09-20,Woodbine,2,3,Scary Speedy,0.166667,0.166667,,,0.000,0.000,6,608.0
2025-09-20,Woodbine,2,4,Episode,0.166667,0.166667,,,0.000,0.000,6,608.0
2025-09-20,Woodbine,2,5,Go Gemma,0.166667,0.166667,,,0.000,0.000,6,608.0
2025-09-20,Woodbine,2,6,Foresters Exec,0.166667,0.166667,,,0.000,0.000,6,608.0
2025-09-20,Woodbine,3,1,Cheat the Devil,0.166667,0.166667,,,0.000,0.000,6,637.0
2025-09-20,Woodbine,3,2,Pretty Good Joke,0.166667,0.166667,,,0.000,0.000,6,637.0
2025-09-20,Woodbine,3,3,Suigu Belle,0.166667,0.166667,,,0.000,0.000,6,637.0
2025-09-20,Woodbine,3,4,Kimberlina,0.166667,0.166667,,,0.000,0.000,6,637.0
2025-09-20,Woodbine,3,5,Gretna Green,0.166667,0.166667,,,0.000,0.000,6,637.0
2025-09-20,Woodbine,3,6,Dancetotherhythm,0.166667,0.166667,,,0.000,0.000,6,637.0
2025-09-20,Woodbine,4,1,Henna Gal,0.125000,0.125000,,,0.000,0.000,8,666.0
2025-09-20,Woodbine,4,2,Red Dragon,0.125000,0.125000,,,0.000,0.000,8,666.0
2025-09-20,Woodbine,4,3,Hot Stuff Baby,0.125000,0.125000,,,0.000,0.000,8,666.0
2025-09-20,Woodbine,4,4,Daou,0.125000,0.125000,,,0.000,0.000,8,666.0
2025-09-20,Woodbine,4,5,Ya No,0.125000,0.125000,,,0.000,0.000,8,666.0
2025-09-20,Woodbine,4,6,Clear Position,0.125000,0.125000,,,0.000,0.000,8,666.0
2025-09-20,Woodbine,4,7,Sweet Ofelia,0.125000,0.125000,,,0.000,0.000,8,666.0
2025-09-20,Woodbine,4,8,Daddy's Lil Chef,0.125000,0.125000,,,0.000,0.000,8,666.0
2025-09-20,Woodbine,5,1,Laughing Out Loud,0.166667,0.166667,,,0.000,0.000,6,695.0
2025-09-20,Woodbine,5,2,Mehlek,0.166667,0.166667,,,0.000,0.000,6,695.0
2025-09-20,Woodbine,5,3,Sammy Stone,0.166667,0.166667,,,0.000,0.000,6,695.0
2025-09-20,Woodbine,5,4,Chancel,0.166667,0.166667,,,0.000,0.000,6,695.0
2025-09-20,Woodbine,5,5,Our Flag Flying,0.166667,0.166667,,,0.000,0.000,6,695.0
2025-09-20,Woodbine,5,6,Good Sin,0.166667,0.166667,,,0.000,0.000,6,695.0
2025-09-20,Woodbine,6,1,She Reigns,0.125000,0.125000,,,0.000,0.000,8,725.0
2025-09-20,Woodbine,6,2,Alluring Amy,0.125000,0.125000,,,0.000,0.000,8,725.0
2025-09-20,Woodbine,6,3,Dunmore Beach,0.125000,0.125000,,,0.000,0.000,8,725.0
2025-09-20,Woodbine,6,4,Ava's Princess,0.125000,0.125000,,,0.000,0.000,8,725.0
2025-09-20,Woodbine,6,5,Stroke of Genius,0.125000,0.125000,,,0.000,0.000,8,725.0
2025-09-20,Woodbine,6,6,Piper's Gift,0.125000,0.125000,,,0.000,0.000,8,725.0
2025-09-20,Woodbine,6,7,Divinely Inspired,0.125000,0.125000,,,0.000,0.000,8,725.0
2025-09-20,Woodbine,6,8,Live Each Day,0.125000,0.125000,,,0.000,0.000,8,725.0
2025-09-20,Woodbine,7,1,Wild Red,0.142857,0.142857,,,0.000,0.000,7,756.0
2025-09-20,Woodbine,7,2,Florida Vacation,0.142857,0.142857,,,0.000,0.000,7,756.0
2025-09-20,Woodbine,7,3,Tequilasoupernova,0.142857,0.142857,,,0.000,0.000,7,756.0
2025-09-20,Woodbine,7,4,Crumlin Fashion,0.142857,0.142857,,,0.000,0.000,7,756.0
2025-09-20,Woodbine,7,5,Cupids Best Arrow,0.142857,0.142857,,,0.000,0.000,7,756.0
2025-09-20,Woodbine,7,6,Monty's Inn,0.142857,0.142857,,,0.000,0.000,7,756.0
2025-09-20,Woodbine,7,7,Mystic Song,0.142857,0.142857,,,0.000,0.000,7,756.0
2025-09-20,Woodbine,8,1,Tap My Desire,0.125000,0.125000,,,0.000,0.000,8,788.0
2025-09-20,Woodbine,8,2,Onehotmess,0.125000,0.125000,,,0.000,0.000,8,788.0
2025-09-20,Woodbine,8,3,Orient Beach,0.125000,0.125000,,,0.000,0.000,8,788.0
2025-09-20,Woodbine,8,4,Keytothepark,0.125000,0.125000,,,0.000,0.000,8,788.0
2025-09-20,Woodbine,8,5,Tiz Ready,0.125000,0.125000,,,0.000,0.000,8,788.0
2025-09-20,Woodbine,8,6,Celebrity Ro,0.125000,0.125000,,,0.000,0.000,8,788.0
2025-09-20,Woodbine,8,7,Dazzling Cruiser,0.125000,0.125000,,,0.000,0.000,8,788.0
2025-09-20,Woodbine,8,8,Ginger Zip,0.125000,0.125000,,,0.000,0.000,8,788.0
2025-09-20,Woodbine,9,1,Cool Kiss,0.125000,0.125000,,,0.000,0.000,8,820.0
2025-09-20,Woodbine,9,2,Journeyman,0.125000,0.125000,,,0.000,0.000,8,820.0
2025-09-20,Woodbine,9,3,Classic Mo Town,0.125000,0.125000,,,0.000,0.000,8,820.0
2025-09-20,Woodbine,9,4,Playmea Tune,0.125000,0.125000,,,0.000,0.000,8,820.0
2025-09-20,Woodbine,9,5,Paramount Prince,0.125000,0.125000,,,0.000,0.000,8,820.0
2025-09-20,Woodbine,9,6,Skyro,0.125000,0.125000,,,0.000,0.000,8,820.0
2025-09-20,Woodbine,9,7,Dresden Row,0.125000,0.125000,,,0.000,0.000,8,820.0
2025-09-20,Woodbine,9,8,Loose Wire,0.125000,0.125000,,,0.000,0.000,8,820.0
2025-09-20,Woodbine,10,1,Serenading Amaya,0.111111,0.111111,,,0.000,0.000,9,851.0
2025-09-20,Woodbine,10,2,Thatsitthatsall,0.111111,0.111111,,,0.000,0.000,9,851.0
2025-09-20,Woodbine,10,3,Sinful Forester,0.111111,0.111111,,,0.000,0.000,9,851.0
2025-09-20,Woodbine,10,4,Hurricane Gizmo,0.111111,0.111111,,,0.000,0.000,9,851.0
2025-09-20,Woodbine,10,5,Dancing in Rio,0.111111,0.111111,,,0.000,0.000,9,851.0
2025-09-20,Woodbine,10,6,Moventothecountry,0.111111,0.111111,,,0.000,0.000,9,851.0
2025-09-20,Woodbine,10,7,Right Brightly,0.111111,0.111111,,,0.000,0.000,9,851.0
2025-09-20,Woodbine,10,8,Take Chances,0.111111,0.111111,,,0.000,0.000,9,851.0
2025-09-20,Woodbine,10,9,All for Honor,0.111111,0.111111,,,0.000,0.000,9,851.0
